{"cameraMode":{"drawMode":0,"name":"Shaded","section":"Shading Mode"},"sceneLighting":false,"audioPlay":false,"sceneViewState":{"m_AlwaysRefresh":false,"showFog":true,"showSkybox":false,"showFlares":true,"showImageEffects":true,"showParticleSystems":true,"showVisualEffectGraphs":true,"m_FxEnabled":true},"in2DMode":false,"pivot":{"x":1.4111958742141724,"y":0.0999998077750206,"z":1.3575994968414307},"rotation":{"x":0.049545738846063617,"y":0.3713196814060211,"z":-0.019846299663186075,"w":0.9269718527793884},"size":7.105210781097412,"orthographic":true}