{"cameraMode":{"drawMode":0,"name":"Shaded","section":"Shading Mode"},"sceneLighting":false,"audioPlay":false,"sceneViewState":{"m_AlwaysRefresh":false,"showFog":true,"showSkybox":false,"showFlares":true,"showImageEffects":true,"showParticleSystems":true,"showVisualEffectGraphs":true,"m_FxEnabled":true},"in2DMode":false,"pivot":{"x":0.00009912252426147461,"y":0.6580992937088013,"z":-0.00009161233901977539},"rotation":{"x":0.049545738846063617,"y":0.3713196814060211,"z":-0.019846299663186075,"w":0.9269718527793884},"size":0.8358443975448608,"orthographic":true}