{"cameraMode":{"drawMode":0,"name":"Shaded","section":"Shading Mode"},"sceneLighting":false,"audioPlay":false,"sceneViewState":{"m_AlwaysRefresh":false,"showFog":true,"showSkybox":true,"showFlares":true,"showImageEffects":true,"showParticleSystems":true,"showVisualEffectGraphs":true,"m_FxEnabled":true},"in2DMode":false,"pivot":{"x":19.382413864135743,"y":7.925640106201172,"z":198.9381866455078},"rotation":{"x":0.0010793507099151612,"y":-0.7081845998764038,"z":0.001043661031872034,"w":0.706061601638794},"size":7.274185657501221,"orthographic":false}