{"cameraMode":{"drawMode":0,"name":"Shaded","section":"Shading Mode"},"sceneLighting":false,"audioPlay":false,"sceneViewState":{"m_AlwaysRefresh":false,"showFog":true,"showSkybox":true,"showFlares":true,"showImageEffects":true,"showParticleSystems":true,"showVisualEffectGraphs":true,"m_FxEnabled":true},"in2DMode":false,"pivot":{"x":17.814563751220704,"y":49.763580322265628,"z":67.22074890136719},"rotation":{"x":0.2658696174621582,"y":-0.1876523643732071,"z":0.05284542590379715,"w":0.9441090822219849},"size":28.429180145263673,"orthographic":false}