{"cameraMode":{"drawMode":0,"name":"Shaded","section":"Shading Mode"},"sceneLighting":true,"audioPlay":false,"sceneViewState":{"m_AlwaysRefresh":false,"showFog":true,"showSkybox":true,"showFlares":true,"showImageEffects":true,"showParticleSystems":true,"showVisualEffectGraphs":true,"m_FxEnabled":true},"in2DMode":false,"pivot":{"x":-164.64724731445313,"y":14.498266220092774,"z":201.17286682128907},"rotation":{"x":0.019038375467061998,"y":0.2178288996219635,"z":0.004206500481814146,"w":-0.9758637547492981},"size":37.60678482055664,"orthographic":false}