{"cameraMode":{"drawMode":0,"name":"Shaded","section":"Shading Mode"},"sceneLighting":false,"audioPlay":false,"sceneViewState":{"m_AlwaysRefresh":false,"showFog":true,"showSkybox":true,"showFlares":true,"showImageEffects":true,"showParticleSystems":true,"showVisualEffectGraphs":true,"m_FxEnabled":true},"in2DMode":false,"pivot":{"x":39.09749984741211,"y":2.7659122943878176,"z":194.62420654296876},"rotation":{"x":0.008499961346387864,"y":0.7057814002037048,"z":0.008470588363707066,"w":-0.7083337306976318},"size":3.0462100505828859,"orthographic":false}