{"cameraMode":{"drawMode":0,"name":"Shaded","section":"Shading Mode"},"sceneLighting":false,"audioPlay":false,"sceneViewState":{"m_AlwaysRefresh":false,"showFog":true,"showSkybox":true,"showFlares":true,"showImageEffects":true,"showParticleSystems":true,"showVisualEffectGraphs":true,"m_FxEnabled":true},"in2DMode":false,"pivot":{"x":48.56999969482422,"y":1.9799997806549073,"z":198.99607849121095},"rotation":{"x":0.11467260867357254,"y":0.7062405347824097,"z":-0.11759733408689499,"w":0.6886617541313171},"size":12.12435531616211,"orthographic":false}