{"cameraMode":{"drawMode":0,"name":"Shaded","section":"Shading Mode"},"sceneLighting":false,"audioPlay":false,"sceneViewState":{"m_AlwaysRefresh":false,"showFog":true,"showSkybox":false,"showFlares":true,"showImageEffects":true,"showParticleSystems":true,"showVisualEffectGraphs":true,"m_FxEnabled":true},"in2DMode":false,"pivot":{"x":-8.940696716308594e-8,"y":0.4656032919883728,"z":-5.960464477539063e-8},"rotation":{"x":0.049545738846063617,"y":0.3713196814060211,"z":-0.019846299663186075,"w":0.9269718527793884},"size":0.6942997574806213,"orthographic":true}