{"cameraMode":{"drawMode":0,"name":"Shaded","section":"Shading Mode"},"sceneLighting":false,"audioPlay":false,"sceneViewState":{"m_AlwaysRefresh":false,"showFog":true,"showSkybox":false,"showFlares":true,"showImageEffects":true,"showParticleSystems":true,"showVisualEffectGraphs":true,"m_FxEnabled":true},"in2DMode":false,"pivot":{"x":-0.000002384185791015625,"y":12.401166915893555,"z":0.12447977066040039},"rotation":{"x":-0.14195525646209718,"y":0.4006724953651428,"z":-0.06318086385726929,"w":-0.9030312299728394},"size":15.434922218322754,"orthographic":false}